{"cameraMode":{"drawMode":0,"name":"Shaded","section":"Shading Mode"},"sceneLighting":true,"audioPlay":false,"sceneViewState":{"m_AlwaysRefresh":false,"showFog":true,"showSkybox":true,"showFlares":true,"showImageEffects":true,"showParticleSystems":true,"showVisualEffectGraphs":true,"m_FxEnabled":true},"in2DMode":false,"pivot":{"x":3.8045995235443117,"y":-3.673992156982422,"z":-0.0270350594073534},"rotation":{"x":-0.013570144772529602,"y":-0.9000170826911926,"z":0.4347578287124634,"w":-0.02809281274676323},"size":12.016746520996094,"orthographic":false}